datetime,timestamp,freeze_index,state,cue_active,cadence_spm
2026-10-04 14:30:02,2.0,0.000897418490104629,NORMAL,False,109
2026-10-04 14:30:03,3.0,0.0006613432445622538,NORMAL,False,109
2026-10-04 14:30:04,4.0,0.00046682855575312166,NORMAL,False,110
2026-10-04 14:30:05,5.0,0.000535909807450319,NORMAL,False,110
2026-10-04 14:30:06,6.0,0.0003923099467045408,NORMAL,False,109
2026-10-04 14:30:07,7.0,0.0011187736734340707,NORMAL,False,109
2026-10-04 14:30:08,8.0,0.00030519309879000205,NORMAL,False,109
2026-10-04 14:30:09,9.0,0.0004712694400905609,NORMAL,False,109
2026-10-04 14:30:10,10.0,0.0005722314380291065,NORMAL,False,110
2026-10-04 14:30:11,11.0,0.0005414661988910801,NORMAL,False,109
2026-10-04 14:30:12,12.0,0.0008430144121820727,NORMAL,False,110
2026-10-04 14:30:13,13.0,0.0005123328555080813,NORMAL,False,109
2026-10-04 14:30:14,14.0,0.0009176562363690576,NORMAL,False,109
2026-10-04 14:30:15,15.0,0.0004396623375378819,NORMAL,False,110
2026-10-04 14:30:16,16.0,0.0005160794273528211,NORMAL,False,109
2026-10-04 14:30:17,17.0,0.0006743586049193161,NORMAL,False,109
2026-10-04 14:30:18,18.0,0.0007529083606350141,NORMAL,False,109
2026-10-04 14:30:19,19.0,0.0006894676949490637,NORMAL,False,110
2026-10-04 14:30:20,20.0,0.0006649875114113188,NORMAL,False,109
2026-10-04 14:30:21,21.0,0.23764012331735587,NORMAL,False,109
2026-10-04 14:30:22,22.0,2.828751040971208,PRE_FREEZE,False,110
2026-10-04 14:30:23,23.0,2.67542180673406,FOG_DETECTED,True,108
2026-10-04 14:30:24,24.0,2.7469420281477124,FOG_DETECTED,True,110
2026-10-04 14:30:25,25.0,2.643195601276357,FOG_DETECTED,True,110
2026-10-04 14:30:26,26.0,2.6854564605740334,FOG_DETECTED,True,109
2026-10-04 14:30:27,27.0,2.402646902249841,FOG_DETECTED,True,110
2026-10-04 14:30:28,28.0,2.715603657770139,FOG_DETECTED,True,109
2026-10-04 14:30:29,29.0,2.5345223162999004,FOG_DETECTED,True,109
2026-10-04 14:30:30,30.0,2.6236417226676947,FOG_DETECTED,True,109
2026-10-04 14:30:31,31.0,0.26707478438675797,NORMAL,False,110
2026-10-04 14:30:32,32.0,0.00030371130546311397,NORMAL,False,109
2026-10-04 14:30:33,33.0,0.00039517468058560364,NORMAL,False,110
2026-10-04 14:30:34,34.0,0.0011759904053605626,NORMAL,False,109
2026-10-04 14:30:35,35.0,0.00046267890186152654,NORMAL,False,109
2026-10-04 14:30:36,36.0,0.0003543944435443354,NORMAL,False,109
2026-10-04 14:30:37,37.0,0.0006797790883501032,NORMAL,False,110
2026-10-04 14:30:38,38.0,0.0005344096618702952,NORMAL,False,109
2026-10-04 14:30:39,39.0,0.00033178213141399284,NORMAL,False,109
2026-10-04 14:30:40,40.0,0.0006377792187555828,NORMAL,False,110
2026-10-04 14:30:41,41.0,0.00034476898738459164,NORMAL,False,109
2026-10-04 14:30:42,42.0,0.0005177324776622501,NORMAL,False,109
2026-10-04 14:30:43,43.0,0.000826784563184468,NORMAL,False,109
2026-10-04 14:30:44,44.0,0.0005889712933410111,NORMAL,False,109
2026-10-04 14:30:45,45.0,0.0006567386401983666,NORMAL,False,109
2026-10-04 14:30:46,46.0,0.0005452305770889702,NORMAL,False,110
2026-10-04 14:30:47,47.0,0.0003018257473219965,NORMAL,False,110
2026-10-04 14:30:48,48.0,0.0005635722835215628,NORMAL,False,109
2026-10-04 14:30:49,49.0,0.0004626232568865006,NORMAL,False,110
2026-10-04 14:30:50,50.0,0.00042971047433317677,NORMAL,False,110
2026-10-04 14:30:51,51.0,0.0005846749911894931,NORMAL,False,109
2026-10-04 14:30:52,52.0,0.0009793842272695307,NORMAL,False,110
2026-10-04 14:30:53,53.0,0.0005536973329397453,NORMAL,False,109
2026-10-04 14:30:54,54.0,0.0006544252156259284,NORMAL,False,109
2026-10-04 14:30:55,55.0,0.0005222520534338281,NORMAL,False,109
2026-10-04 14:30:56,56.0,0.0007731515016351051,NORMAL,False,109
2026-10-04 14:30:57,57.0,0.0005433674662354279,NORMAL,False,109
2026-10-04 14:30:58,58.0,0.0007863867863868274,NORMAL,False,109
2026-10-04 14:30:59,59.0,0.0003611676839549189,NORMAL,False,110
2026-10-04 14:31:00,60.0,0.0007710463020230671,NORMAL,False,109
